{
  "timestamp": "2025-06-03T12:05:46.791852",
  "benchmarks": {
    "llm_no_cache": {
      "runs": 15,
      "avg_duration": 0.10018800099690756,
      "min_duration": 0.10011553764343262,
      "max_duration": 0.10022640228271484,
      "std_duration": 3.669649169692122e-05,
      "avg_memory_mb": 0,
      "max_memory_mb": 0,
      "cache_hit_rate": 0,
      "error_rate": 0.0
    },
    "llm_with_cache": {
      "runs": 15,
      "avg_duration": 0.020088879267374675,
      "min_duration": 4.0531158447265625e-06,
      "max_duration": 0.10048103332519531,
      "std_duration": 0.04157535099959213,
      "avg_memory_mb": 0,
      "max_memory_mb": 0,
      "cache_hit_rate": 0.8,
      "error_rate": 0.0
    },
    "sequential_10": {
      "runs": 1,
      "avg_duration": 0.10149264335632324,
      "min_duration": 0.10149264335632324,
      "max_duration": 0.10149264335632324,
      "std_duration": 0,
      "avg_memory_mb": 0,
      "max_memory_mb": 0,
      "cache_hit_rate": 0,
      "error_rate": 0.0
    },
    "batch_10": {
      "runs": 1,
      "avg_duration": 0.10050129890441895,
      "min_duration": 0.10050129890441895,
      "max_duration": 0.10050129890441895,
      "std_duration": 0,
      "avg_memory_mb": 0,
      "max_memory_mb": 0,
      "cache_hit_rate": 0,
      "error_rate": 0.0
    },
    "sequential_50": {
      "runs": 1,
      "avg_duration": 0.5065512657165527,
      "min_duration": 0.5065512657165527,
      "max_duration": 0.5065512657165527,
      "std_duration": 0,
      "avg_memory_mb": 0,
      "max_memory_mb": 0,
      "cache_hit_rate": 0,
      "error_rate": 0.0
    },
    "batch_50": {
      "runs": 1,
      "avg_duration": 0.32074880599975586,
      "min_duration": 0.32074880599975586,
      "max_duration": 0.32074880599975586,
      "std_duration": 0,
      "avg_memory_mb": 0,
      "max_memory_mb": 0,
      "cache_hit_rate": 0,
      "error_rate": 0.0
    },
    "sequential_100": {
      "runs": 1,
      "avg_duration": 1.01314377784729,
      "min_duration": 1.01314377784729,
      "max_duration": 1.01314377784729,
      "std_duration": 0,
      "avg_memory_mb": 0,
      "max_memory_mb": 0,
      "cache_hit_rate": 0,
      "error_rate": 0.0
    },
    "batch_100": {
      "runs": 1,
      "avg_duration": 0.3211023807525635,
      "min_duration": 0.3211023807525635,
      "max_duration": 0.3211023807525635,
      "std_duration": 0,
      "avg_memory_mb": 0,
      "max_memory_mb": 0,
      "cache_hit_rate": 0,
      "error_rate": 0.0
    },
    "no_errors": {
      "runs": 10,
      "avg_duration": 0.01014399528503418,
      "min_duration": 0.010122060775756836,
      "max_duration": 0.010173797607421875,
      "std_duration": 1.951022286991326e-05,
      "avg_memory_mb": 0,
      "max_memory_mb": 0,
      "cache_hit_rate": 0,
      "error_rate": 0.0
    },
    "with_retries": {
      "runs": 10,
      "avg_duration": 5.765533494949341,
      "min_duration": 5.136970520019531,
      "max_duration": 6.667614698410034,
      "std_duration": 0.45572274480220176,
      "avg_memory_mb": 0,
      "max_memory_mb": 0,
      "cache_hit_rate": 0,
      "error_rate": 0.0
    },
    "memory_benchmark_error_handling": {
      "runs": 1,
      "avg_duration": 57.85773420333862,
      "min_duration": 57.85773420333862,
      "max_duration": 57.85773420333862,
      "std_duration": 0,
      "avg_memory_mb": 0.05859375,
      "max_memory_mb": 0.05859375,
      "cache_hit_rate": 0,
      "error_rate": 0.0
    }
  },
  "improvements": {
    "cache_speedup": 4.98723695152162,
    "avg_batch_speedup": 1.914781992853703
  }
}