{
  "nodes": 25,
  "edges": 89,
  "top_influential": [
    [
      "#COVID19",
      0.1970059252741015
    ],
    [
      "Population control",
      0.095635797474943
    ],
    [
      "CT_3",
      0.0840100460597038
    ],
    [
      "CT_6",
      0.08185792909147159
    ],
    [
      "CT_5",
      0.06835080402195086
    ]
  ],
  "communities": 2,
  "patterns_found": 40
}